{"application": 642.5135654347794, "__collection_time__": 1418722289.331551}